{
    "Parameters": {
        "ApplicationName": {
            "Description": "CodeDeploy application name",
            "Type": "String",
            "Default": "DemoApplication"
        },
        "BetaFleet": {
            "Description": "Fleet configured in CodeDeploy",
            "Type": "String",
            "Default": "DemoFleet"
        }
    },
    "Resources": {
        "CodePipelineArtifactStoreBucket": {
            "Type": "AWS::S3::Bucket"
        },
        "CodePipelineArtifactStoreBucketPolicy": {
            "Type": "AWS::S3::BucketPolicy",
            "Properties": {
                "Bucket": {
                    "Ref": "CodePipelineArtifactStoreBucket"
                },
                "PolicyDocument": {
                    "Version": "2012-10-17",
                    "Statement": [
                        {
                            "Sid": "DenyUnEncryptedObjectUploads",
                            "Effect": "Deny",
                            "Principal": "*",
                            "Action": "s3:PutObject",
                            "Resource": {
                                "Fn::Join": [
                                    "",
                                    [
                                        {
                                            "Fn::GetAtt": [
                                                "CodePipelineArtifactStoreBucket",
                                                "Arn"
                                            ]
                                        },
                                        "/*"
                                    ]
                                ]
                            },
                            "Condition": {
                                "StringNotEquals": {
                                    "s3:x-amz-server-side-encryption": "aws:kms"
                                }
                            }
                        },
                        {
                            "Sid": "DenyInsecureConnections",
                            "Effect": "Deny",
                            "Principal": "*",
                            "Action": "s3:*",
                            "Resource": {
                                "Fn::Join": [
                                    "",
                                    [
                                        {
                                            "Fn::GetAtt": [
                                                "CodePipelineArtifactStoreBucket",
                                                "Arn"
                                            ]
                                        },
                                        "/*"
                                    ]
                                ]
                            },
                            "Condition": {
                                "Bool": {
                                    "aws:SecureTransport": false
                                }
                            }
                        }
                    ]
                }
            }
        },
        "AppPipeline": {
            "Type": "AWS::CodePipeline::Pipeline",
            "Properties": {
                "Name": "github-events-pipeline",
                "RoleArn": {
                    "Fn::GetAtt": [
                        "CodePipelineServiceRole",
                        "Arn"
                    ]
                },
                "Stages": [
                    {
                        "Name": "Source",
                        "Actions": [
                            {
                                "Name": "SourceAction",
                                "ActionTypeId": {
                                    "Category": "Source",
                                    "Owner": "ThirdParty",
                                    "Version": 1,
                                    "Provider": "GitHub"
                                },
                                "OutputArtifacts": [
                                    {
                                        "Name": "SourceOutput"
                                    }
                                ],
                                "Configuration": {
                                    "Branch": "master",
                                    "OAuthToken": "e6c771b4afeeace8b4202b883bf98863439045f7",
                                    "Owner": "li0nking",
                                    "PollForSourceChanges": "true",
                                    "Repo": "unit-challenge"
                                },
                                "RunOrder": 1
                            }
                        ]
                    },
                    {
                        "Name": "Deploy",
                        "Actions": [
                            {
                                "Name": "Deploy",
                                "InputArtifacts": [
                                    {
                                        "Name": "SourceOutput"
                                    }
                                ],
                                "ActionTypeId": {
                                    "Category": "Deploy",
                                    "Owner": "AWS",
                                    "Version": 1,
                                    "Provider": "CodeDeploy"
                                },
                                "Configuration": {
                                    "ApplicationName": {
                                        "Ref": "ApplicationName"
                                    },
                                    "DeploymentGroupName": {
                                        "Ref": "BetaFleet"
                                    }
                                },
                                "RunOrder": 1,
                                "OutputArtifacts": []
                            }
                        ]
                    }
                ],
                "ArtifactStore": {
                    "Type": "S3",
                    "Location": {
                        "Ref": "CodePipelineArtifactStoreBucket"
                    }
                }
            }
        },
        "CodePipelineServiceRole": {
            "Type": "AWS::IAM::Role",
            "Properties": {
                "AssumeRolePolicyDocument": {
                    "Version": "2012-10-17",
                    "Statement": [
                        {
                            "Effect": "Allow",
                            "Principal": {
                                "Service": [
                                    "codepipeline.amazonaws.com"
                                ]
                            },
                            "Action": "sts:AssumeRole"
                        }
                    ]
                },
                "Path": "/",
                "Policies": [
                    {
                        "PolicyName": "AWS-CodePipeline-Service-3",
                        "PolicyDocument": {
                            "Version": "2012-10-17",
                            "Statement": [
                                {
                                    "Effect": "Allow",
                                    "Action": [
                                        "codecommit:CancelUploadArchive",
                                        "codecommit:GetBranch",
                                        "codecommit:GetCommit",
                                        "codecommit:GetUploadArchiveStatus",
                                        "codecommit:UploadArchive"
                                    ],
                                    "Resource": "*"
                                },
                                {
                                    "Effect": "Allow",
                                    "Action": [
                                        "codedeploy:CreateDeployment",
                                        "codedeploy:GetApplicationRevision",
                                        "codedeploy:GetDeployment",
                                        "codedeploy:GetDeploymentConfig",
                                        "codedeploy:RegisterApplicationRevision"
                                    ],
                                    "Resource": "*"
                                },
                                {
                                    "Effect": "Allow",
                                    "Action": [
                                        "codebuild:BatchGetBuilds",
                                        "codebuild:StartBuild"
                                    ],
                                    "Resource": "*"
                                },
                                {
                                    "Effect": "Allow",
                                    "Action": [
                                        "devicefarm:ListProjects",
                                        "devicefarm:ListDevicePools",
                                        "devicefarm:GetRun",
                                        "devicefarm:GetUpload",
                                        "devicefarm:CreateUpload",
                                        "devicefarm:ScheduleRun"
                                    ],
                                    "Resource": "*"
                                },
                                {
                                    "Effect": "Allow",
                                    "Action": [
                                        "lambda:InvokeFunction",
                                        "lambda:ListFunctions"
                                    ],
                                    "Resource": "*"
                                },
                                {
                                    "Effect": "Allow",
                                    "Action": [
                                        "iam:PassRole"
                                    ],
                                    "Resource": "*"
                                },
                                {
                                    "Effect": "Allow",
                                    "Action": [
                                        "elasticbeanstalk:*",
                                        "ec2:*",
                                        "elasticloadbalancing:*",
                                        "autoscaling:*",
                                        "cloudwatch:*",
                                        "s3:*",
                                        "sns:*",
                                        "cloudformation:*",
                                        "rds:*",
                                        "sqs:*",
                                        "ecs:*"
                                    ],
                                    "Resource": "*"
                                }
                            ]
                        }
                    }
                ]
            }
        }
    }
}
