{
    "pipeline": {
        "name": "unit-challenge-pipeline",
        "roleArn": "arn:aws:iam::214498718383:role/service-role/AWSCodePipelineServiceRole-us-west-2-unit-challenge-pipeline",
        "artifactStore": {
            "type": "S3",
            "location": "codepipeline-us-west-2-59277463008"
        },
        "stages": [
            {
                "name": "Source",
                "actions": [
                    {
                        "name": "Source",
                        "actionTypeId": {
                            "category": "Source",
                            "owner": "ThirdParty",
                            "provider": "GitHub",
                            "version": "1"
                        },
                        "runOrder": 1,
                        "configuration": {
                            "Branch": "master",
                            "OAuthToken": "e6c771b4afeeace8b4202b883bf98863439045f7",
                            "Owner": "li0nking",
                            "PollForSourceChanges": "true",
                            "Repo": "unit-challenge"
                        },
                        "outputArtifacts": [
                            {
                                "name": "SourceArtifact"
                            }
                        ],
                        "inputArtifacts": [],
                        "region": "us-west-2",
                        "namespace": "SourceVariables"
                    }
                ]
            },
            {
                "name": "Deploy",
                "actions": [
                    {
                        "name": "Deploy",
                        "actionTypeId": {
                            "category": "Deploy",
                            "owner": "AWS",
                            "provider": "S3",
                            "version": "1"
                        },
                        "runOrder": 1,
                        "configuration": {
                            "BucketName": "unit-challenge-ricardo",
                            "Extract": "true",
                            "ObjectKey": "unity-challenge-project"
                        },
                        "outputArtifacts": [],
                        "inputArtifacts": [
                            {
                                "name": "SourceArtifact"
                            }
                        ],
                        "region": "us-west-2",
                        "namespace": "DeployVariables"
                    }
                ]
            }
        ],
        "version": 1
    }
}